comparison_id,family,scenario,label_a,label_b,n_pairs,mean_a,mean_b,mean_difference,ci_low,ci_high,ci_level,p_value,p_method,holm_adjusted_p,significant,cliffs_delta,cliffs_delta_magnitude,verdict,interval_contains_zero,description
P1,F1_primary,irregular_dt,ppo_cfc,ppo_cfc_dtblind,12,-50.828057,-50.820827,-0.00723,-3.869318,3.979725,0.95,0.998047,exact_sign_flip,0.998047,False,0.104167,negligible,no_detectable_difference,True,"ppo_cfc vs ppo_cfc_dtblind on irregular_dt: no detectable difference (mean difference -0.007, 95% CI [-3.869, 3.980], p=0.998 (exact_sign_flip), n=12)."
F2_continuous_vs_gated:ppo_cfc_vs_ppo_gru:bursty_irregular,F2_continuous_vs_gated,bursty_irregular,ppo_cfc,ppo_gru,12,-67.19314,-67.805427,0.612287,-2.887744,3.762423,0.95,0.695312,exact_sign_flip,1.0,False,0.055556,negligible,no_detectable_difference,True,"ppo_cfc vs ppo_gru on bursty_irregular: no detectable difference (mean difference 0.612, 95% CI [-2.888, 3.762], p=0.695 (exact_sign_flip), n=12)."
F2_continuous_vs_gated:ppo_ltc_cfc_vs_ppo_gru:bursty_irregular,F2_continuous_vs_gated,bursty_irregular,ppo_ltc_cfc,ppo_gru,12,-68.606837,-67.805427,-0.80141,-4.125087,2.164969,0.95,0.662109,exact_sign_flip,1.0,False,-0.097222,negligible,no_detectable_difference,True,"ppo_ltc_cfc vs ppo_gru on bursty_irregular: no detectable difference (mean difference -0.801, 95% CI [-4.125, 2.165], p=0.662 (exact_sign_flip), n=12)."
F2_continuous_vs_gated:ppo_ltc_vs_ppo_gru:bursty_irregular,F2_continuous_vs_gated,bursty_irregular,ppo_ltc,ppo_gru,12,-69.383842,-67.805427,-1.578415,-4.762969,1.03061,0.95,0.388672,exact_sign_flip,1.0,False,-0.298611,small,no_detectable_difference,True,"ppo_ltc vs ppo_gru on bursty_irregular: no detectable difference (mean difference -1.578, 95% CI [-4.763, 1.031], p=0.389 (exact_sign_flip), n=12)."
F2_continuous_vs_gated:ppo_cfc_vs_ppo_gru:interference_heavy,F2_continuous_vs_gated,interference_heavy,ppo_cfc,ppo_gru,12,-87.870247,-87.640604,-0.229643,-2.830989,2.2725,0.95,0.864746,exact_sign_flip,1.0,False,-0.097222,negligible,no_detectable_difference,True,"ppo_cfc vs ppo_gru on interference_heavy: no detectable difference (mean difference -0.230, 95% CI [-2.831, 2.272], p=0.865 (exact_sign_flip), n=12)."
F2_continuous_vs_gated:ppo_ltc_cfc_vs_ppo_gru:interference_heavy,F2_continuous_vs_gated,interference_heavy,ppo_ltc_cfc,ppo_gru,12,-89.48131,-87.640604,-1.840705,-4.423104,1.101072,0.95,0.242188,exact_sign_flip,1.0,False,-0.236111,small,no_detectable_difference,True,"ppo_ltc_cfc vs ppo_gru on interference_heavy: no detectable difference (mean difference -1.841, 95% CI [-4.423, 1.101], p=0.242 (exact_sign_flip), n=12)."
F2_continuous_vs_gated:ppo_ltc_vs_ppo_gru:interference_heavy,F2_continuous_vs_gated,interference_heavy,ppo_ltc,ppo_gru,12,-88.128323,-87.640604,-0.487718,-4.542918,3.281261,0.95,0.826172,exact_sign_flip,1.0,False,-0.034722,negligible,no_detectable_difference,True,"ppo_ltc vs ppo_gru on interference_heavy: no detectable difference (mean difference -0.488, 95% CI [-4.543, 3.281], p=0.826 (exact_sign_flip), n=12)."
F2_continuous_vs_gated:ppo_cfc_vs_ppo_gru:irregular_dt,F2_continuous_vs_gated,irregular_dt,ppo_cfc,ppo_gru,12,-50.828057,-51.723982,0.895925,-2.859993,4.378813,0.95,0.643555,exact_sign_flip,1.0,False,0.222222,small,no_detectable_difference,True,"ppo_cfc vs ppo_gru on irregular_dt: no detectable difference (mean difference 0.896, 95% CI [-2.860, 4.379], p=0.644 (exact_sign_flip), n=12)."
F2_continuous_vs_gated:ppo_ltc_cfc_vs_ppo_gru:irregular_dt,F2_continuous_vs_gated,irregular_dt,ppo_ltc_cfc,ppo_gru,12,-50.459529,-51.723982,1.264452,-4.192782,5.921027,0.95,0.654297,exact_sign_flip,1.0,False,0.201389,small,no_detectable_difference,True,"ppo_ltc_cfc vs ppo_gru on irregular_dt: no detectable difference (mean difference 1.264, 95% CI [-4.193, 5.921], p=0.654 (exact_sign_flip), n=12)."
F2_continuous_vs_gated:ppo_ltc_vs_ppo_gru:irregular_dt,F2_continuous_vs_gated,irregular_dt,ppo_ltc,ppo_gru,12,-49.41069,-51.723982,2.313291,-2.886012,6.676251,0.95,0.389648,exact_sign_flip,1.0,False,0.25,small,no_detectable_difference,True,"ppo_ltc vs ppo_gru on irregular_dt: no detectable difference (mean difference 2.313, 95% CI [-2.886, 6.676], p=0.390 (exact_sign_flip), n=12)."
F2_continuous_vs_gated:ppo_cfc_vs_ppo_gru:non_stationary,F2_continuous_vs_gated,non_stationary,ppo_cfc,ppo_gru,12,-62.194105,-61.611685,-0.58242,-3.86314,2.322397,0.95,0.742188,exact_sign_flip,1.0,False,0.055556,negligible,no_detectable_difference,True,"ppo_cfc vs ppo_gru on non_stationary: no detectable difference (mean difference -0.582, 95% CI [-3.863, 2.322], p=0.742 (exact_sign_flip), n=12)."
F2_continuous_vs_gated:ppo_ltc_cfc_vs_ppo_gru:non_stationary,F2_continuous_vs_gated,non_stationary,ppo_ltc_cfc,ppo_gru,12,-62.952071,-61.611685,-1.340386,-5.183232,2.291625,0.95,0.514648,exact_sign_flip,1.0,False,-0.006944,negligible,no_detectable_difference,True,"ppo_ltc_cfc vs ppo_gru on non_stationary: no detectable difference (mean difference -1.340, 95% CI [-5.183, 2.292], p=0.515 (exact_sign_flip), n=12)."
F2_continuous_vs_gated:ppo_ltc_vs_ppo_gru:non_stationary,F2_continuous_vs_gated,non_stationary,ppo_ltc,ppo_gru,12,-63.484967,-61.611685,-1.873282,-5.143017,1.112303,0.95,0.297852,exact_sign_flip,1.0,False,-0.118056,negligible,no_detectable_difference,True,"ppo_ltc vs ppo_gru on non_stationary: no detectable difference (mean difference -1.873, 95% CI [-5.143, 1.112], p=0.298 (exact_sign_flip), n=12)."
F2_continuous_vs_gated:ppo_cfc_vs_ppo_gru:stationary,F2_continuous_vs_gated,stationary,ppo_cfc,ppo_gru,12,-52.801576,-52.972068,0.170491,-2.940862,2.991364,0.95,0.912109,exact_sign_flip,1.0,False,0.041667,negligible,no_detectable_difference,True,"ppo_cfc vs ppo_gru on stationary: no detectable difference (mean difference 0.170, 95% CI [-2.941, 2.991], p=0.912 (exact_sign_flip), n=12)."
F2_continuous_vs_gated:ppo_ltc_cfc_vs_ppo_gru:stationary,F2_continuous_vs_gated,stationary,ppo_ltc_cfc,ppo_gru,12,-51.611391,-52.972068,1.360676,-1.314988,4.08576,0.95,0.361328,exact_sign_flip,1.0,False,0.201389,small,no_detectable_difference,True,"ppo_ltc_cfc vs ppo_gru on stationary: no detectable difference (mean difference 1.361, 95% CI [-1.315, 4.086], p=0.361 (exact_sign_flip), n=12)."
F2_continuous_vs_gated:ppo_ltc_vs_ppo_gru:stationary,F2_continuous_vs_gated,stationary,ppo_ltc,ppo_gru,12,-51.054816,-52.972068,1.917252,-0.689812,4.717003,0.95,0.215332,exact_sign_flip,1.0,False,0.361111,medium,no_detectable_difference,True,"ppo_ltc vs ppo_gru on stationary: no detectable difference (mean difference 1.917, 95% CI [-0.690, 4.717], p=0.215 (exact_sign_flip), n=12)."
F3_hybrid_decomposition:ppo_ltc_cfc_vs_ppo_cfc:bursty_irregular,F3_hybrid_decomposition,bursty_irregular,ppo_ltc_cfc,ppo_cfc,12,-68.606837,-67.19314,-1.413697,-5.14253,1.61238,0.95,0.542969,exact_sign_flip,1.0,False,-0.083333,negligible,no_detectable_difference,True,"ppo_ltc_cfc vs ppo_cfc on bursty_irregular: no detectable difference (mean difference -1.414, 95% CI [-5.143, 1.612], p=0.543 (exact_sign_flip), n=12)."
F3_hybrid_decomposition:ppo_ltc_cfc_vs_ppo_ltc:bursty_irregular,F3_hybrid_decomposition,bursty_irregular,ppo_ltc_cfc,ppo_ltc,12,-68.606837,-69.383842,0.777004,-1.797225,3.305623,0.95,0.566406,exact_sign_flip,1.0,False,0.034722,negligible,no_detectable_difference,True,"ppo_ltc_cfc vs ppo_ltc on bursty_irregular: no detectable difference (mean difference 0.777, 95% CI [-1.797, 3.306], p=0.566 (exact_sign_flip), n=12)."
F3_hybrid_decomposition:ppo_ltc_cfc_vs_ppo_cfc:interference_heavy,F3_hybrid_decomposition,interference_heavy,ppo_ltc_cfc,ppo_cfc,12,-89.48131,-87.870247,-1.611063,-4.38322,0.851227,0.95,0.293945,exact_sign_flip,1.0,False,-0.138889,negligible,no_detectable_difference,True,"ppo_ltc_cfc vs ppo_cfc on interference_heavy: no detectable difference (mean difference -1.611, 95% CI [-4.383, 0.851], p=0.294 (exact_sign_flip), n=12)."
F3_hybrid_decomposition:ppo_ltc_cfc_vs_ppo_ltc:interference_heavy,F3_hybrid_decomposition,interference_heavy,ppo_ltc_cfc,ppo_ltc,12,-89.48131,-88.128323,-1.352987,-4.446715,2.023913,0.95,0.452148,exact_sign_flip,1.0,False,-0.229167,small,no_detectable_difference,True,"ppo_ltc_cfc vs ppo_ltc on interference_heavy: no detectable difference (mean difference -1.353, 95% CI [-4.447, 2.024], p=0.452 (exact_sign_flip), n=12)."
F3_hybrid_decomposition:ppo_ltc_cfc_vs_ppo_cfc:irregular_dt,F3_hybrid_decomposition,irregular_dt,ppo_ltc_cfc,ppo_cfc,12,-50.459529,-50.828057,0.368528,-3.856235,4.325564,0.95,0.876465,exact_sign_flip,1.0,False,0.055556,negligible,no_detectable_difference,True,"ppo_ltc_cfc vs ppo_cfc on irregular_dt: no detectable difference (mean difference 0.369, 95% CI [-3.856, 4.326], p=0.876 (exact_sign_flip), n=12)."
F3_hybrid_decomposition:ppo_ltc_cfc_vs_ppo_ltc:irregular_dt,F3_hybrid_decomposition,irregular_dt,ppo_ltc_cfc,ppo_ltc,12,-50.459529,-49.41069,-1.048839,-5.801158,3.22244,0.95,0.692383,exact_sign_flip,1.0,False,-0.090278,negligible,no_detectable_difference,True,"ppo_ltc_cfc vs ppo_ltc on irregular_dt: no detectable difference (mean difference -1.049, 95% CI [-5.801, 3.222], p=0.692 (exact_sign_flip), n=12)."
F3_hybrid_decomposition:ppo_ltc_cfc_vs_ppo_cfc:non_stationary,F3_hybrid_decomposition,non_stationary,ppo_ltc_cfc,ppo_cfc,12,-62.952071,-62.194105,-0.757966,-3.639148,1.903139,0.95,0.619141,exact_sign_flip,1.0,False,-0.097222,negligible,no_detectable_difference,True,"ppo_ltc_cfc vs ppo_cfc on non_stationary: no detectable difference (mean difference -0.758, 95% CI [-3.639, 1.903], p=0.619 (exact_sign_flip), n=12)."
F3_hybrid_decomposition:ppo_ltc_cfc_vs_ppo_ltc:non_stationary,F3_hybrid_decomposition,non_stationary,ppo_ltc_cfc,ppo_ltc,12,-62.952071,-63.484967,0.532896,-1.57758,2.551285,0.95,0.631836,exact_sign_flip,1.0,False,0.131944,negligible,no_detectable_difference,True,"ppo_ltc_cfc vs ppo_ltc on non_stationary: no detectable difference (mean difference 0.533, 95% CI [-1.578, 2.551], p=0.632 (exact_sign_flip), n=12)."
F3_hybrid_decomposition:ppo_ltc_cfc_vs_ppo_cfc:stationary,F3_hybrid_decomposition,stationary,ppo_ltc_cfc,ppo_cfc,12,-51.611391,-52.801576,1.190185,-2.236434,4.433266,0.95,0.516602,exact_sign_flip,1.0,False,0.215278,small,no_detectable_difference,True,"ppo_ltc_cfc vs ppo_cfc on stationary: no detectable difference (mean difference 1.190, 95% CI [-2.236, 4.433], p=0.517 (exact_sign_flip), n=12)."
F3_hybrid_decomposition:ppo_ltc_cfc_vs_ppo_ltc:stationary,F3_hybrid_decomposition,stationary,ppo_ltc_cfc,ppo_ltc,12,-51.611391,-51.054816,-0.556575,-2.697246,1.67684,0.95,0.638672,exact_sign_flip,1.0,False,-0.0625,negligible,no_detectable_difference,True,"ppo_ltc_cfc vs ppo_ltc on stationary: no detectable difference (mean difference -0.557, 95% CI [-2.697, 1.677], p=0.639 (exact_sign_flip), n=12)."
F4_dt_awareness:ppo_cfc_vs_ppo_cfc_dtblind:bursty_irregular,F4_dt_awareness,bursty_irregular,ppo_cfc,ppo_cfc_dtblind,12,-67.19314,-69.770118,2.576977,-0.211778,5.373804,0.95,0.117676,exact_sign_flip,0.585938,False,0.305556,small,no_detectable_difference,True,"ppo_cfc vs ppo_cfc_dtblind on bursty_irregular: no detectable difference (mean difference 2.577, 95% CI [-0.212, 5.374], p=0.118 (exact_sign_flip), n=12)."
F4_dt_awareness:ppo_cfc_vs_ppo_cfc_dtblind:interference_heavy,F4_dt_awareness,interference_heavy,ppo_cfc,ppo_cfc_dtblind,12,-87.870247,-88.956494,1.086247,-1.172059,3.390577,0.95,0.387207,exact_sign_flip,1.0,False,0.152778,small,no_detectable_difference,True,"ppo_cfc vs ppo_cfc_dtblind on interference_heavy: no detectable difference (mean difference 1.086, 95% CI [-1.172, 3.391], p=0.387 (exact_sign_flip), n=12)."
F4_dt_awareness:ppo_cfc_vs_ppo_cfc_dtblind:irregular_dt,F4_dt_awareness,irregular_dt,ppo_cfc,ppo_cfc_dtblind,12,-50.828057,-50.820827,-0.00723,-3.975574,3.995488,0.95,0.998047,exact_sign_flip,1.0,False,0.104167,negligible,no_detectable_difference,True,"ppo_cfc vs ppo_cfc_dtblind on irregular_dt: no detectable difference (mean difference -0.007, 95% CI [-3.976, 3.995], p=0.998 (exact_sign_flip), n=12)."
F4_dt_awareness:ppo_cfc_vs_ppo_cfc_dtblind:non_stationary,F4_dt_awareness,non_stationary,ppo_cfc,ppo_cfc_dtblind,12,-62.194105,-63.427836,1.233731,-1.236613,3.380013,0.95,0.338867,exact_sign_flip,1.0,False,0.256944,small,no_detectable_difference,True,"ppo_cfc vs ppo_cfc_dtblind on non_stationary: no detectable difference (mean difference 1.234, 95% CI [-1.237, 3.380], p=0.339 (exact_sign_flip), n=12)."
F4_dt_awareness:ppo_cfc_vs_ppo_cfc_dtblind:stationary,F4_dt_awareness,stationary,ppo_cfc,ppo_cfc_dtblind,12,-52.801576,-49.689345,-3.112232,-6.365364,0.596591,0.95,0.117188,exact_sign_flip,0.585938,False,-0.451389,medium,no_detectable_difference,True,"ppo_cfc vs ppo_cfc_dtblind on stationary: no detectable difference (mean difference -3.112, 95% CI [-6.365, 0.597], p=0.117 (exact_sign_flip), n=12)."
F5_learning_check:ppo_cfc:trained_vs_untrained:bursty_irregular,F5_learning_check,bursty_irregular,ppo_cfc(trained),ppo_cfc(untrained),12,-67.19314,-65.853234,-1.339906,-4.021978,1.288712,0.95,0.366699,exact_sign_flip,1.0,False,-0.208333,small,no_detectable_difference,True,"ppo_cfc(trained) vs ppo_cfc(untrained) on bursty_irregular: no detectable difference (mean difference -1.340, 95% CI [-4.022, 1.289], p=0.367 (exact_sign_flip), n=12)."
F5_learning_check:ppo_cfc_dtblind:trained_vs_untrained:bursty_irregular,F5_learning_check,bursty_irregular,ppo_cfc_dtblind(trained),ppo_cfc_dtblind(untrained),12,-69.770118,-68.291406,-1.478712,-5.39245,2.095118,0.95,0.473633,exact_sign_flip,1.0,False,-0.1875,small,no_detectable_difference,True,"ppo_cfc_dtblind(trained) vs ppo_cfc_dtblind(untrained) on bursty_irregular: no detectable difference (mean difference -1.479, 95% CI [-5.392, 2.095], p=0.474 (exact_sign_flip), n=12)."
F5_learning_check:ppo_gru:trained_vs_untrained:bursty_irregular,F5_learning_check,bursty_irregular,ppo_gru(trained),ppo_gru(untrained),12,-67.805427,-68.506436,0.701009,-1.192744,2.503432,0.95,0.487305,exact_sign_flip,1.0,False,0.083333,negligible,no_detectable_difference,True,"ppo_gru(trained) vs ppo_gru(untrained) on bursty_irregular: no detectable difference (mean difference 0.701, 95% CI [-1.193, 2.503], p=0.487 (exact_sign_flip), n=12)."
F5_learning_check:ppo_ltc:trained_vs_untrained:bursty_irregular,F5_learning_check,bursty_irregular,ppo_ltc(trained),ppo_ltc(untrained),12,-69.383842,-69.722682,0.33884,-2.601247,2.908803,0.95,0.765625,exact_sign_flip,1.0,False,0.104167,negligible,no_detectable_difference,True,"ppo_ltc(trained) vs ppo_ltc(untrained) on bursty_irregular: no detectable difference (mean difference 0.339, 95% CI [-2.601, 2.909], p=0.766 (exact_sign_flip), n=12)."
F5_learning_check:ppo_ltc_cfc:trained_vs_untrained:bursty_irregular,F5_learning_check,bursty_irregular,ppo_ltc_cfc(trained),ppo_ltc_cfc(untrained),12,-68.606837,-70.996392,2.389555,-0.283603,5.129065,0.95,0.134766,exact_sign_flip,1.0,False,0.333333,medium,no_detectable_difference,True,"ppo_ltc_cfc(trained) vs ppo_ltc_cfc(untrained) on bursty_irregular: no detectable difference (mean difference 2.390, 95% CI [-0.284, 5.129], p=0.135 (exact_sign_flip), n=12)."
F5_learning_check:ppo_mlp:trained_vs_untrained:bursty_irregular,F5_learning_check,bursty_irregular,ppo_mlp(trained),ppo_mlp(untrained),12,-67.158596,-69.593432,2.434836,0.294457,4.343306,0.95,0.052246,exact_sign_flip,1.0,False,0.472222,medium,favours_a,False,"ppo_mlp(trained) scored 2.435 higher than ppo_mlp(untrained) on bursty_irregular (95% CI [0.294, 4.343], p=0.052 (exact_sign_flip), n=12, Cliff's delta 0.472 [medium])."
F5_learning_check:ppo_transformer:trained_vs_untrained:bursty_irregular,F5_learning_check,bursty_irregular,ppo_transformer(trained),ppo_transformer(untrained),12,-68.582513,-70.21944,1.636927,-1.522191,5.568526,0.95,0.459961,exact_sign_flip,1.0,False,0.138889,negligible,no_detectable_difference,True,"ppo_transformer(trained) vs ppo_transformer(untrained) on bursty_irregular: no detectable difference (mean difference 1.637, 95% CI [-1.522, 5.569], p=0.460 (exact_sign_flip), n=12)."
F5_learning_check:ppo_cfc:trained_vs_untrained:interference_heavy,F5_learning_check,interference_heavy,ppo_cfc(trained),ppo_cfc(untrained),12,-87.870247,-88.197295,0.327048,-3.119628,3.711583,0.95,0.858398,exact_sign_flip,1.0,False,0.152778,small,no_detectable_difference,True,"ppo_cfc(trained) vs ppo_cfc(untrained) on interference_heavy: no detectable difference (mean difference 0.327, 95% CI [-3.120, 3.712], p=0.858 (exact_sign_flip), n=12)."
F5_learning_check:ppo_cfc_dtblind:trained_vs_untrained:interference_heavy,F5_learning_check,interference_heavy,ppo_cfc_dtblind(trained),ppo_cfc_dtblind(untrained),12,-88.956494,-87.845643,-1.110851,-3.904299,1.853618,0.95,0.480469,exact_sign_flip,1.0,False,-0.229167,small,no_detectable_difference,True,"ppo_cfc_dtblind(trained) vs ppo_cfc_dtblind(untrained) on interference_heavy: no detectable difference (mean difference -1.111, 95% CI [-3.904, 1.854], p=0.480 (exact_sign_flip), n=12)."
F5_learning_check:ppo_gru:trained_vs_untrained:interference_heavy,F5_learning_check,interference_heavy,ppo_gru(trained),ppo_gru(untrained),12,-87.640604,-88.042654,0.402049,-3.088623,3.908316,0.95,0.834961,exact_sign_flip,1.0,False,0.111111,negligible,no_detectable_difference,True,"ppo_gru(trained) vs ppo_gru(untrained) on interference_heavy: no detectable difference (mean difference 0.402, 95% CI [-3.089, 3.908], p=0.835 (exact_sign_flip), n=12)."
F5_learning_check:ppo_ltc:trained_vs_untrained:interference_heavy,F5_learning_check,interference_heavy,ppo_ltc(trained),ppo_ltc(untrained),12,-88.128323,-88.84657,0.718247,-1.340753,2.434166,0.95,0.53125,exact_sign_flip,1.0,False,0.048611,negligible,no_detectable_difference,True,"ppo_ltc(trained) vs ppo_ltc(untrained) on interference_heavy: no detectable difference (mean difference 0.718, 95% CI [-1.341, 2.434], p=0.531 (exact_sign_flip), n=12)."
F5_learning_check:ppo_ltc_cfc:trained_vs_untrained:interference_heavy,F5_learning_check,interference_heavy,ppo_ltc_cfc(trained),ppo_ltc_cfc(untrained),12,-89.48131,-87.602019,-1.87929,-4.538459,0.641382,0.95,0.191406,exact_sign_flip,1.0,False,-0.236111,small,no_detectable_difference,True,"ppo_ltc_cfc(trained) vs ppo_ltc_cfc(untrained) on interference_heavy: no detectable difference (mean difference -1.879, 95% CI [-4.538, 0.641], p=0.191 (exact_sign_flip), n=12)."
F5_learning_check:ppo_mlp:trained_vs_untrained:interference_heavy,F5_learning_check,interference_heavy,ppo_mlp(trained),ppo_mlp(untrained),12,-88.882575,-88.664661,-0.217914,-4.230332,3.434919,0.95,0.918945,exact_sign_flip,1.0,False,-0.0625,negligible,no_detectable_difference,True,"ppo_mlp(trained) vs ppo_mlp(untrained) on interference_heavy: no detectable difference (mean difference -0.218, 95% CI [-4.230, 3.435], p=0.919 (exact_sign_flip), n=12)."
F5_learning_check:ppo_transformer:trained_vs_untrained:interference_heavy,F5_learning_check,interference_heavy,ppo_transformer(trained),ppo_transformer(untrained),12,-89.848074,-92.209084,2.36101,-0.063591,4.636307,0.95,0.089844,exact_sign_flip,1.0,False,0.416667,medium,no_detectable_difference,True,"ppo_transformer(trained) vs ppo_transformer(untrained) on interference_heavy: no detectable difference (mean difference 2.361, 95% CI [-0.064, 4.636], p=0.090 (exact_sign_flip), n=12)."
F5_learning_check:ppo_cfc:trained_vs_untrained:irregular_dt,F5_learning_check,irregular_dt,ppo_cfc(trained),ppo_cfc(untrained),12,-50.828057,-46.663674,-4.164383,-7.244592,-0.620305,0.95,0.04541,exact_sign_flip,1.0,False,-0.555556,large,favours_b,False,"ppo_cfc(trained) scored 4.164 lower than ppo_cfc(untrained) on irregular_dt (95% CI [-7.245, -0.620], p=0.045 (exact_sign_flip), n=12, Cliff's delta -0.556 [large])."
F5_learning_check:ppo_cfc_dtblind:trained_vs_untrained:irregular_dt,F5_learning_check,irregular_dt,ppo_cfc_dtblind(trained),ppo_cfc_dtblind(untrained),12,-50.820827,-52.124269,1.303442,-2.614669,5.175735,0.95,0.566895,exact_sign_flip,1.0,False,0.180556,small,no_detectable_difference,True,"ppo_cfc_dtblind(trained) vs ppo_cfc_dtblind(untrained) on irregular_dt: no detectable difference (mean difference 1.303, 95% CI [-2.615, 5.176], p=0.567 (exact_sign_flip), n=12)."
F5_learning_check:ppo_gru:trained_vs_untrained:irregular_dt,F5_learning_check,irregular_dt,ppo_gru(trained),ppo_gru(untrained),12,-51.723982,-51.860937,0.136956,-2.24405,2.773464,0.95,0.925781,exact_sign_flip,1.0,False,-0.083333,negligible,no_detectable_difference,True,"ppo_gru(trained) vs ppo_gru(untrained) on irregular_dt: no detectable difference (mean difference 0.137, 95% CI [-2.244, 2.773], p=0.926 (exact_sign_flip), n=12)."
F5_learning_check:ppo_ltc:trained_vs_untrained:irregular_dt,F5_learning_check,irregular_dt,ppo_ltc(trained),ppo_ltc(untrained),12,-49.41069,-51.207563,1.796872,-2.870227,6.183893,0.95,0.453125,exact_sign_flip,1.0,False,0.180556,small,no_detectable_difference,True,"ppo_ltc(trained) vs ppo_ltc(untrained) on irregular_dt: no detectable difference (mean difference 1.797, 95% CI [-2.870, 6.184], p=0.453 (exact_sign_flip), n=12)."
F5_learning_check:ppo_ltc_cfc:trained_vs_untrained:irregular_dt,F5_learning_check,irregular_dt,ppo_ltc_cfc(trained),ppo_ltc_cfc(untrained),12,-50.459529,-50.918765,0.459236,-4.484834,5.231406,0.95,0.860352,exact_sign_flip,1.0,False,0.097222,negligible,no_detectable_difference,True,"ppo_ltc_cfc(trained) vs ppo_ltc_cfc(untrained) on irregular_dt: no detectable difference (mean difference 0.459, 95% CI [-4.485, 5.231], p=0.860 (exact_sign_flip), n=12)."
F5_learning_check:ppo_mlp:trained_vs_untrained:irregular_dt,F5_learning_check,irregular_dt,ppo_mlp(trained),ppo_mlp(untrained),12,-52.8814,-50.801148,-2.080252,-5.04597,0.89658,0.95,0.211914,exact_sign_flip,1.0,False,-0.229167,small,no_detectable_difference,True,"ppo_mlp(trained) vs ppo_mlp(untrained) on irregular_dt: no detectable difference (mean difference -2.080, 95% CI [-5.046, 0.897], p=0.212 (exact_sign_flip), n=12)."
F5_learning_check:ppo_transformer:trained_vs_untrained:irregular_dt,F5_learning_check,irregular_dt,ppo_transformer(trained),ppo_transformer(untrained),12,-48.634344,-53.748127,5.113782,1.095308,9.286269,0.95,0.038574,exact_sign_flip,1.0,False,0.527778,large,favours_a,False,"ppo_transformer(trained) scored 5.114 higher than ppo_transformer(untrained) on irregular_dt (95% CI [1.095, 9.286], p=0.039 (exact_sign_flip), n=12, Cliff's delta 0.528 [large])."
F5_learning_check:ppo_cfc:trained_vs_untrained:non_stationary,F5_learning_check,non_stationary,ppo_cfc(trained),ppo_cfc(untrained),12,-62.194105,-62.172424,-0.021681,-4.020444,5.215861,0.95,0.996094,exact_sign_flip,1.0,False,-0.222222,small,no_detectable_difference,True,"ppo_cfc(trained) vs ppo_cfc(untrained) on non_stationary: no detectable difference (mean difference -0.022, 95% CI [-4.020, 5.216], p=0.996 (exact_sign_flip), n=12)."
F5_learning_check:ppo_cfc_dtblind:trained_vs_untrained:non_stationary,F5_learning_check,non_stationary,ppo_cfc_dtblind(trained),ppo_cfc_dtblind(untrained),12,-63.427836,-62.034286,-1.39355,-5.114105,2.117707,0.95,0.489258,exact_sign_flip,1.0,False,-0.145833,negligible,no_detectable_difference,True,"ppo_cfc_dtblind(trained) vs ppo_cfc_dtblind(untrained) on non_stationary: no detectable difference (mean difference -1.394, 95% CI [-5.114, 2.118], p=0.489 (exact_sign_flip), n=12)."
F5_learning_check:ppo_gru:trained_vs_untrained:non_stationary,F5_learning_check,non_stationary,ppo_gru(trained),ppo_gru(untrained),12,-61.611685,-62.481962,0.870277,-2.696706,4.293353,0.95,0.645508,exact_sign_flip,1.0,False,0.083333,negligible,no_detectable_difference,True,"ppo_gru(trained) vs ppo_gru(untrained) on non_stationary: no detectable difference (mean difference 0.870, 95% CI [-2.697, 4.293], p=0.646 (exact_sign_flip), n=12)."
F5_learning_check:ppo_ltc:trained_vs_untrained:non_stationary,F5_learning_check,non_stationary,ppo_ltc(trained),ppo_ltc(untrained),12,-63.484967,-63.528098,0.043131,-1.220824,1.2161,0.95,0.945312,exact_sign_flip,1.0,False,-0.013889,negligible,no_detectable_difference,True,"ppo_ltc(trained) vs ppo_ltc(untrained) on non_stationary: no detectable difference (mean difference 0.043, 95% CI [-1.221, 1.216], p=0.945 (exact_sign_flip), n=12)."
F5_learning_check:ppo_ltc_cfc:trained_vs_untrained:non_stationary,F5_learning_check,non_stationary,ppo_ltc_cfc(trained),ppo_ltc_cfc(untrained),12,-62.952071,-62.999438,0.047368,-2.475176,2.706284,0.95,0.989746,exact_sign_flip,1.0,False,0.041667,negligible,no_detectable_difference,True,"ppo_ltc_cfc(trained) vs ppo_ltc_cfc(untrained) on non_stationary: no detectable difference (mean difference 0.047, 95% CI [-2.475, 2.706], p=0.990 (exact_sign_flip), n=12)."
F5_learning_check:ppo_mlp:trained_vs_untrained:non_stationary,F5_learning_check,non_stationary,ppo_mlp(trained),ppo_mlp(untrained),12,-62.491041,-64.285847,1.794806,-2.417039,5.936978,0.95,0.436523,exact_sign_flip,1.0,False,0.25,small,no_detectable_difference,True,"ppo_mlp(trained) vs ppo_mlp(untrained) on non_stationary: no detectable difference (mean difference 1.795, 95% CI [-2.417, 5.937], p=0.437 (exact_sign_flip), n=12)."
F5_learning_check:ppo_transformer:trained_vs_untrained:non_stationary,F5_learning_check,non_stationary,ppo_transformer(trained),ppo_transformer(untrained),12,-61.931212,-63.747409,1.816197,-1.462834,5.337242,0.95,0.348145,exact_sign_flip,1.0,False,0.097222,negligible,no_detectable_difference,True,"ppo_transformer(trained) vs ppo_transformer(untrained) on non_stationary: no detectable difference (mean difference 1.816, 95% CI [-1.463, 5.337], p=0.348 (exact_sign_flip), n=12)."
F5_learning_check:ppo_cfc:trained_vs_untrained:stationary,F5_learning_check,stationary,ppo_cfc(trained),ppo_cfc(untrained),12,-52.801576,-49.493862,-3.307715,-8.477159,1.15072,0.95,0.236328,exact_sign_flip,1.0,False,-0.375,medium,no_detectable_difference,True,"ppo_cfc(trained) vs ppo_cfc(untrained) on stationary: no detectable difference (mean difference -3.308, 95% CI [-8.477, 1.151], p=0.236 (exact_sign_flip), n=12)."
F5_learning_check:ppo_cfc_dtblind:trained_vs_untrained:stationary,F5_learning_check,stationary,ppo_cfc_dtblind(trained),ppo_cfc_dtblind(untrained),12,-49.689345,-50.43476,0.745415,-2.95659,4.39289,0.95,0.702148,exact_sign_flip,1.0,False,-0.027778,negligible,no_detectable_difference,True,"ppo_cfc_dtblind(trained) vs ppo_cfc_dtblind(untrained) on stationary: no detectable difference (mean difference 0.745, 95% CI [-2.957, 4.393], p=0.702 (exact_sign_flip), n=12)."
F5_learning_check:ppo_gru:trained_vs_untrained:stationary,F5_learning_check,stationary,ppo_gru(trained),ppo_gru(untrained),12,-52.972068,-49.107929,-3.864139,-6.9896,-0.585302,0.95,0.04834,exact_sign_flip,1.0,False,-0.444444,medium,favours_b,False,"ppo_gru(trained) scored 3.864 lower than ppo_gru(untrained) on stationary (95% CI [-6.990, -0.585], p=0.048 (exact_sign_flip), n=12, Cliff's delta -0.444 [medium])."
F5_learning_check:ppo_ltc:trained_vs_untrained:stationary,F5_learning_check,stationary,ppo_ltc(trained),ppo_ltc(untrained),12,-51.054816,-50.577064,-0.477752,-2.892052,2.056802,0.95,0.726562,exact_sign_flip,1.0,False,-0.138889,negligible,no_detectable_difference,True,"ppo_ltc(trained) vs ppo_ltc(untrained) on stationary: no detectable difference (mean difference -0.478, 95% CI [-2.892, 2.057], p=0.727 (exact_sign_flip), n=12)."
F5_learning_check:ppo_ltc_cfc:trained_vs_untrained:stationary,F5_learning_check,stationary,ppo_ltc_cfc(trained),ppo_ltc_cfc(untrained),12,-51.611391,-49.807062,-1.804329,-4.190391,0.492456,0.95,0.179688,exact_sign_flip,1.0,False,-0.305556,small,no_detectable_difference,True,"ppo_ltc_cfc(trained) vs ppo_ltc_cfc(untrained) on stationary: no detectable difference (mean difference -1.804, 95% CI [-4.190, 0.492], p=0.180 (exact_sign_flip), n=12)."
F5_learning_check:ppo_mlp:trained_vs_untrained:stationary,F5_learning_check,stationary,ppo_mlp(trained),ppo_mlp(untrained),12,-49.887078,-50.023883,0.136804,-4.290095,5.120473,0.95,0.954102,exact_sign_flip,1.0,False,-0.076389,negligible,no_detectable_difference,True,"ppo_mlp(trained) vs ppo_mlp(untrained) on stationary: no detectable difference (mean difference 0.137, 95% CI [-4.290, 5.120], p=0.954 (exact_sign_flip), n=12)."
F5_learning_check:ppo_transformer:trained_vs_untrained:stationary,F5_learning_check,stationary,ppo_transformer(trained),ppo_transformer(untrained),12,-50.156058,-52.229704,2.073647,-0.358538,4.446629,0.95,0.13623,exact_sign_flip,1.0,False,0.402778,medium,no_detectable_difference,True,"ppo_transformer(trained) vs ppo_transformer(untrained) on stationary: no detectable difference (mean difference 2.074, 95% CI [-0.359, 4.447], p=0.136 (exact_sign_flip), n=12)."
F6_vs_greedy_baseline:ppo_cfc_dtblind_vs_greedy_heuristic:bursty_irregular,F6_vs_greedy_baseline,bursty_irregular,ppo_cfc_dtblind,greedy_heuristic,12,-69.770118,4.285261,-74.055378,-75.991899,-72.113933,0.95,0.000488,exact_sign_flip,0.01709,True,-1.0,large,favours_b,False,"ppo_cfc_dtblind scored 74.055 lower than greedy_heuristic on bursty_irregular (95% CI [-75.992, -72.114], p=0.000 (exact_sign_flip), n=12, Cliff's delta -1.000 [large])."
F6_vs_greedy_baseline:ppo_cfc_vs_greedy_heuristic:bursty_irregular,F6_vs_greedy_baseline,bursty_irregular,ppo_cfc,greedy_heuristic,12,-67.19314,4.285261,-71.478401,-74.84129,-68.020946,0.95,0.000488,exact_sign_flip,0.01709,True,-1.0,large,favours_b,False,"ppo_cfc scored 71.478 lower than greedy_heuristic on bursty_irregular (95% CI [-74.841, -68.021], p=0.000 (exact_sign_flip), n=12, Cliff's delta -1.000 [large])."
F6_vs_greedy_baseline:ppo_gru_vs_greedy_heuristic:bursty_irregular,F6_vs_greedy_baseline,bursty_irregular,ppo_gru,greedy_heuristic,12,-67.805427,4.285261,-72.090688,-73.499764,-70.485139,0.95,0.000488,exact_sign_flip,0.01709,True,-1.0,large,favours_b,False,"ppo_gru scored 72.091 lower than greedy_heuristic on bursty_irregular (95% CI [-73.500, -70.485], p=0.000 (exact_sign_flip), n=12, Cliff's delta -1.000 [large])."
F6_vs_greedy_baseline:ppo_ltc_cfc_vs_greedy_heuristic:bursty_irregular,F6_vs_greedy_baseline,bursty_irregular,ppo_ltc_cfc,greedy_heuristic,12,-68.606837,4.285261,-72.892098,-75.923716,-69.83454,0.95,0.000488,exact_sign_flip,0.01709,True,-1.0,large,favours_b,False,"ppo_ltc_cfc scored 72.892 lower than greedy_heuristic on bursty_irregular (95% CI [-75.924, -69.835], p=0.000 (exact_sign_flip), n=12, Cliff's delta -1.000 [large])."
F6_vs_greedy_baseline:ppo_ltc_vs_greedy_heuristic:bursty_irregular,F6_vs_greedy_baseline,bursty_irregular,ppo_ltc,greedy_heuristic,12,-69.383842,4.285261,-73.669102,-76.427885,-71.108481,0.95,0.000488,exact_sign_flip,0.01709,True,-1.0,large,favours_b,False,"ppo_ltc scored 73.669 lower than greedy_heuristic on bursty_irregular (95% CI [-76.428, -71.108], p=0.000 (exact_sign_flip), n=12, Cliff's delta -1.000 [large])."
F6_vs_greedy_baseline:ppo_mlp_vs_greedy_heuristic:bursty_irregular,F6_vs_greedy_baseline,bursty_irregular,ppo_mlp,greedy_heuristic,12,-67.158596,4.285261,-71.443856,-73.61358,-69.426948,0.95,0.000488,exact_sign_flip,0.01709,True,-1.0,large,favours_b,False,"ppo_mlp scored 71.444 lower than greedy_heuristic on bursty_irregular (95% CI [-73.614, -69.427], p=0.000 (exact_sign_flip), n=12, Cliff's delta -1.000 [large])."
F6_vs_greedy_baseline:ppo_transformer_vs_greedy_heuristic:bursty_irregular,F6_vs_greedy_baseline,bursty_irregular,ppo_transformer,greedy_heuristic,12,-68.582513,4.285261,-72.867774,-74.745291,-71.098708,0.95,0.000488,exact_sign_flip,0.01709,True,-1.0,large,favours_b,False,"ppo_transformer scored 72.868 lower than greedy_heuristic on bursty_irregular (95% CI [-74.745, -71.099], p=0.000 (exact_sign_flip), n=12, Cliff's delta -1.000 [large])."
F6_vs_greedy_baseline:ppo_cfc_dtblind_vs_greedy_heuristic:interference_heavy,F6_vs_greedy_baseline,interference_heavy,ppo_cfc_dtblind,greedy_heuristic,12,-88.956494,-21.375314,-67.58118,-69.87925,-65.139592,0.95,0.000488,exact_sign_flip,0.01709,True,-1.0,large,favours_b,False,"ppo_cfc_dtblind scored 67.581 lower than greedy_heuristic on interference_heavy (95% CI [-69.879, -65.140], p=0.000 (exact_sign_flip), n=12, Cliff's delta -1.000 [large])."
F6_vs_greedy_baseline:ppo_cfc_vs_greedy_heuristic:interference_heavy,F6_vs_greedy_baseline,interference_heavy,ppo_cfc,greedy_heuristic,12,-87.870247,-21.375314,-66.494933,-68.38487,-64.388596,0.95,0.000488,exact_sign_flip,0.01709,True,-1.0,large,favours_b,False,"ppo_cfc scored 66.495 lower than greedy_heuristic on interference_heavy (95% CI [-68.385, -64.389], p=0.000 (exact_sign_flip), n=12, Cliff's delta -1.000 [large])."
F6_vs_greedy_baseline:ppo_gru_vs_greedy_heuristic:interference_heavy,F6_vs_greedy_baseline,interference_heavy,ppo_gru,greedy_heuristic,12,-87.640604,-21.375314,-66.26529,-68.567597,-63.928815,0.95,0.000488,exact_sign_flip,0.01709,True,-1.0,large,favours_b,False,"ppo_gru scored 66.265 lower than greedy_heuristic on interference_heavy (95% CI [-68.568, -63.929], p=0.000 (exact_sign_flip), n=12, Cliff's delta -1.000 [large])."
F6_vs_greedy_baseline:ppo_ltc_cfc_vs_greedy_heuristic:interference_heavy,F6_vs_greedy_baseline,interference_heavy,ppo_ltc_cfc,greedy_heuristic,12,-89.48131,-21.375314,-68.105996,-69.96337,-66.196813,0.95,0.000488,exact_sign_flip,0.01709,True,-1.0,large,favours_b,False,"ppo_ltc_cfc scored 68.106 lower than greedy_heuristic on interference_heavy (95% CI [-69.963, -66.197], p=0.000 (exact_sign_flip), n=12, Cliff's delta -1.000 [large])."
F6_vs_greedy_baseline:ppo_ltc_vs_greedy_heuristic:interference_heavy,F6_vs_greedy_baseline,interference_heavy,ppo_ltc,greedy_heuristic,12,-88.128323,-21.375314,-66.753009,-70.489446,-63.508478,0.95,0.000488,exact_sign_flip,0.01709,True,-1.0,large,favours_b,False,"ppo_ltc scored 66.753 lower than greedy_heuristic on interference_heavy (95% CI [-70.489, -63.508], p=0.000 (exact_sign_flip), n=12, Cliff's delta -1.000 [large])."
F6_vs_greedy_baseline:ppo_mlp_vs_greedy_heuristic:interference_heavy,F6_vs_greedy_baseline,interference_heavy,ppo_mlp,greedy_heuristic,12,-88.882575,-21.375314,-67.507261,-70.815792,-64.209484,0.95,0.000488,exact_sign_flip,0.01709,True,-1.0,large,favours_b,False,"ppo_mlp scored 67.507 lower than greedy_heuristic on interference_heavy (95% CI [-70.816, -64.209], p=0.000 (exact_sign_flip), n=12, Cliff's delta -1.000 [large])."
F6_vs_greedy_baseline:ppo_transformer_vs_greedy_heuristic:interference_heavy,F6_vs_greedy_baseline,interference_heavy,ppo_transformer,greedy_heuristic,12,-89.848074,-21.375314,-68.47276,-70.87378,-65.946203,0.95,0.000488,exact_sign_flip,0.01709,True,-1.0,large,favours_b,False,"ppo_transformer scored 68.473 lower than greedy_heuristic on interference_heavy (95% CI [-70.874, -65.946], p=0.000 (exact_sign_flip), n=12, Cliff's delta -1.000 [large])."
F6_vs_greedy_baseline:ppo_cfc_dtblind_vs_greedy_heuristic:irregular_dt,F6_vs_greedy_baseline,irregular_dt,ppo_cfc_dtblind,greedy_heuristic,12,-50.820827,21.077417,-71.898245,-75.156485,-68.363645,0.95,0.000488,exact_sign_flip,0.01709,True,-1.0,large,favours_b,False,"ppo_cfc_dtblind scored 71.898 lower than greedy_heuristic on irregular_dt (95% CI [-75.156, -68.364], p=0.000 (exact_sign_flip), n=12, Cliff's delta -1.000 [large])."
F6_vs_greedy_baseline:ppo_cfc_vs_greedy_heuristic:irregular_dt,F6_vs_greedy_baseline,irregular_dt,ppo_cfc,greedy_heuristic,12,-50.828057,21.077417,-71.905474,-74.503186,-69.431829,0.95,0.000488,exact_sign_flip,0.01709,True,-1.0,large,favours_b,False,"ppo_cfc scored 71.905 lower than greedy_heuristic on irregular_dt (95% CI [-74.503, -69.432], p=0.000 (exact_sign_flip), n=12, Cliff's delta -1.000 [large])."
F6_vs_greedy_baseline:ppo_gru_vs_greedy_heuristic:irregular_dt,F6_vs_greedy_baseline,irregular_dt,ppo_gru,greedy_heuristic,12,-51.723982,21.077417,-72.801399,-75.846567,-69.623062,0.95,0.000488,exact_sign_flip,0.01709,True,-1.0,large,favours_b,False,"ppo_gru scored 72.801 lower than greedy_heuristic on irregular_dt (95% CI [-75.847, -69.623], p=0.000 (exact_sign_flip), n=12, Cliff's delta -1.000 [large])."
F6_vs_greedy_baseline:ppo_ltc_cfc_vs_greedy_heuristic:irregular_dt,F6_vs_greedy_baseline,irregular_dt,ppo_ltc_cfc,greedy_heuristic,12,-50.459529,21.077417,-71.536947,-74.522281,-68.925225,0.95,0.000488,exact_sign_flip,0.01709,True,-1.0,large,favours_b,False,"ppo_ltc_cfc scored 71.537 lower than greedy_heuristic on irregular_dt (95% CI [-74.522, -68.925], p=0.000 (exact_sign_flip), n=12, Cliff's delta -1.000 [large])."
F6_vs_greedy_baseline:ppo_ltc_vs_greedy_heuristic:irregular_dt,F6_vs_greedy_baseline,irregular_dt,ppo_ltc,greedy_heuristic,12,-49.41069,21.077417,-70.488108,-74.402212,-66.611436,0.95,0.000488,exact_sign_flip,0.01709,True,-1.0,large,favours_b,False,"ppo_ltc scored 70.488 lower than greedy_heuristic on irregular_dt (95% CI [-74.402, -66.611], p=0.000 (exact_sign_flip), n=12, Cliff's delta -1.000 [large])."
F6_vs_greedy_baseline:ppo_mlp_vs_greedy_heuristic:irregular_dt,F6_vs_greedy_baseline,irregular_dt,ppo_mlp,greedy_heuristic,12,-52.8814,21.077417,-73.958817,-76.597758,-71.159481,0.95,0.000488,exact_sign_flip,0.01709,True,-1.0,large,favours_b,False,"ppo_mlp scored 73.959 lower than greedy_heuristic on irregular_dt (95% CI [-76.598, -71.159], p=0.000 (exact_sign_flip), n=12, Cliff's delta -1.000 [large])."
F6_vs_greedy_baseline:ppo_transformer_vs_greedy_heuristic:irregular_dt,F6_vs_greedy_baseline,irregular_dt,ppo_transformer,greedy_heuristic,12,-48.634344,21.077417,-69.711761,-72.533202,-67.249542,0.95,0.000488,exact_sign_flip,0.01709,True,-1.0,large,favours_b,False,"ppo_transformer scored 69.712 lower than greedy_heuristic on irregular_dt (95% CI [-72.533, -67.250], p=0.000 (exact_sign_flip), n=12, Cliff's delta -1.000 [large])."
F6_vs_greedy_baseline:ppo_cfc_dtblind_vs_greedy_heuristic:non_stationary,F6_vs_greedy_baseline,non_stationary,ppo_cfc_dtblind,greedy_heuristic,12,-63.427836,17.687505,-81.115341,-82.390666,-79.765837,0.95,0.000488,exact_sign_flip,0.01709,True,-1.0,large,favours_b,False,"ppo_cfc_dtblind scored 81.115 lower than greedy_heuristic on non_stationary (95% CI [-82.391, -79.766], p=0.000 (exact_sign_flip), n=12, Cliff's delta -1.000 [large])."
F6_vs_greedy_baseline:ppo_cfc_vs_greedy_heuristic:non_stationary,F6_vs_greedy_baseline,non_stationary,ppo_cfc,greedy_heuristic,12,-62.194105,17.687505,-79.88161,-81.743618,-77.998306,0.95,0.000488,exact_sign_flip,0.01709,True,-1.0,large,favours_b,False,"ppo_cfc scored 79.882 lower than greedy_heuristic on non_stationary (95% CI [-81.744, -77.998], p=0.000 (exact_sign_flip), n=12, Cliff's delta -1.000 [large])."
F6_vs_greedy_baseline:ppo_gru_vs_greedy_heuristic:non_stationary,F6_vs_greedy_baseline,non_stationary,ppo_gru,greedy_heuristic,12,-61.611685,17.687505,-79.29919,-82.651789,-75.393047,0.95,0.000488,exact_sign_flip,0.01709,True,-1.0,large,favours_b,False,"ppo_gru scored 79.299 lower than greedy_heuristic on non_stationary (95% CI [-82.652, -75.393], p=0.000 (exact_sign_flip), n=12, Cliff's delta -1.000 [large])."
F6_vs_greedy_baseline:ppo_ltc_cfc_vs_greedy_heuristic:non_stationary,F6_vs_greedy_baseline,non_stationary,ppo_ltc_cfc,greedy_heuristic,12,-62.952071,17.687505,-80.639576,-82.776776,-78.711745,0.95,0.000488,exact_sign_flip,0.01709,True,-1.0,large,favours_b,False,"ppo_ltc_cfc scored 80.640 lower than greedy_heuristic on non_stationary (95% CI [-82.777, -78.712], p=0.000 (exact_sign_flip), n=12, Cliff's delta -1.000 [large])."
F6_vs_greedy_baseline:ppo_ltc_vs_greedy_heuristic:non_stationary,F6_vs_greedy_baseline,non_stationary,ppo_ltc,greedy_heuristic,12,-63.484967,17.687505,-81.172473,-83.376789,-79.090489,0.95,0.000488,exact_sign_flip,0.01709,True,-1.0,large,favours_b,False,"ppo_ltc scored 81.172 lower than greedy_heuristic on non_stationary (95% CI [-83.377, -79.090], p=0.000 (exact_sign_flip), n=12, Cliff's delta -1.000 [large])."
F6_vs_greedy_baseline:ppo_mlp_vs_greedy_heuristic:non_stationary,F6_vs_greedy_baseline,non_stationary,ppo_mlp,greedy_heuristic,12,-62.491041,17.687505,-80.178546,-82.670456,-77.657287,0.95,0.000488,exact_sign_flip,0.01709,True,-1.0,large,favours_b,False,"ppo_mlp scored 80.179 lower than greedy_heuristic on non_stationary (95% CI [-82.670, -77.657], p=0.000 (exact_sign_flip), n=12, Cliff's delta -1.000 [large])."
F6_vs_greedy_baseline:ppo_transformer_vs_greedy_heuristic:non_stationary,F6_vs_greedy_baseline,non_stationary,ppo_transformer,greedy_heuristic,12,-61.931212,17.687505,-79.618718,-81.783155,-77.190878,0.95,0.000488,exact_sign_flip,0.01709,True,-1.0,large,favours_b,False,"ppo_transformer scored 79.619 lower than greedy_heuristic on non_stationary (95% CI [-81.783, -77.191], p=0.000 (exact_sign_flip), n=12, Cliff's delta -1.000 [large])."
F6_vs_greedy_baseline:ppo_cfc_dtblind_vs_greedy_heuristic:stationary,F6_vs_greedy_baseline,stationary,ppo_cfc_dtblind,greedy_heuristic,12,-49.689345,19.781153,-69.470497,-71.924338,-67.35016,0.95,0.000488,exact_sign_flip,0.01709,True,-1.0,large,favours_b,False,"ppo_cfc_dtblind scored 69.470 lower than greedy_heuristic on stationary (95% CI [-71.924, -67.350], p=0.000 (exact_sign_flip), n=12, Cliff's delta -1.000 [large])."
F6_vs_greedy_baseline:ppo_cfc_vs_greedy_heuristic:stationary,F6_vs_greedy_baseline,stationary,ppo_cfc,greedy_heuristic,12,-52.801576,19.781153,-72.582729,-75.056725,-69.854504,0.95,0.000488,exact_sign_flip,0.01709,True,-1.0,large,favours_b,False,"ppo_cfc scored 72.583 lower than greedy_heuristic on stationary (95% CI [-75.057, -69.855], p=0.000 (exact_sign_flip), n=12, Cliff's delta -1.000 [large])."
F6_vs_greedy_baseline:ppo_gru_vs_greedy_heuristic:stationary,F6_vs_greedy_baseline,stationary,ppo_gru,greedy_heuristic,12,-52.972068,19.781153,-72.75322,-75.399427,-70.268976,0.95,0.000488,exact_sign_flip,0.01709,True,-1.0,large,favours_b,False,"ppo_gru scored 72.753 lower than greedy_heuristic on stationary (95% CI [-75.399, -70.269], p=0.000 (exact_sign_flip), n=12, Cliff's delta -1.000 [large])."
F6_vs_greedy_baseline:ppo_ltc_cfc_vs_greedy_heuristic:stationary,F6_vs_greedy_baseline,stationary,ppo_ltc_cfc,greedy_heuristic,12,-51.611391,19.781153,-71.392544,-73.050294,-69.630837,0.95,0.000488,exact_sign_flip,0.01709,True,-1.0,large,favours_b,False,"ppo_ltc_cfc scored 71.393 lower than greedy_heuristic on stationary (95% CI [-73.050, -69.631], p=0.000 (exact_sign_flip), n=12, Cliff's delta -1.000 [large])."
F6_vs_greedy_baseline:ppo_ltc_vs_greedy_heuristic:stationary,F6_vs_greedy_baseline,stationary,ppo_ltc,greedy_heuristic,12,-51.054816,19.781153,-70.835969,-72.612116,-69.100627,0.95,0.000488,exact_sign_flip,0.01709,True,-1.0,large,favours_b,False,"ppo_ltc scored 70.836 lower than greedy_heuristic on stationary (95% CI [-72.612, -69.101], p=0.000 (exact_sign_flip), n=12, Cliff's delta -1.000 [large])."
F6_vs_greedy_baseline:ppo_mlp_vs_greedy_heuristic:stationary,F6_vs_greedy_baseline,stationary,ppo_mlp,greedy_heuristic,12,-49.887078,19.781153,-69.668231,-72.875365,-66.158595,0.95,0.000488,exact_sign_flip,0.01709,True,-1.0,large,favours_b,False,"ppo_mlp scored 69.668 lower than greedy_heuristic on stationary (95% CI [-72.875, -66.159], p=0.000 (exact_sign_flip), n=12, Cliff's delta -1.000 [large])."
F6_vs_greedy_baseline:ppo_transformer_vs_greedy_heuristic:stationary,F6_vs_greedy_baseline,stationary,ppo_transformer,greedy_heuristic,12,-50.156058,19.781153,-69.93721,-72.473003,-67.582349,0.95,0.000488,exact_sign_flip,0.01709,True,-1.0,large,favours_b,False,"ppo_transformer scored 69.937 lower than greedy_heuristic on stationary (95% CI [-72.473, -67.582], p=0.000 (exact_sign_flip), n=12, Cliff's delta -1.000 [large])."
F7:flat_vs_centralized,F7_federated,federated,flat_federated,centralized,12,-63.314585,-61.564373,-1.750212,-4.882711,1.327112,0.95,0.31543,exact_sign_flip,0.31543,False,-0.3125,small,no_detectable_difference,True,"flat_federated vs centralized on federated: no detectable difference (mean difference -1.750, 95% CI [-4.883, 1.327], p=0.315 (exact_sign_flip), n=12)."
F7:hier_vs_centralized,F7_federated,federated,hierarchical_federated,centralized,12,-64.308747,-61.564373,-2.744374,-5.389778,-0.057638,0.95,0.081543,exact_sign_flip,0.244629,False,-0.472222,medium,favours_b,False,"hierarchical_federated scored 2.744 lower than centralized on federated (95% CI [-5.390, -0.058], p=0.082 (exact_sign_flip), n=12, Cliff's delta -0.472 [medium])."
F7:hier_vs_flat,F7_federated,federated,hierarchical_federated,flat_federated,12,-64.308747,-63.314585,-0.994162,-2.58206,-0.008986,0.95,0.125,exact_sign_flip,0.25,False,-0.145833,negligible,favours_b,False,"hierarchical_federated scored 0.994 lower than flat_federated on federated (95% CI [-2.582, -0.009], p=0.125 (exact_sign_flip), n=12, Cliff's delta -0.146 [negligible])."
